{"rmse": 8360.280122985658, "mae": 6374.145191869829, "r2": 0.5351941307729088}